address,cat,cug,district,email,equip,est,landline,lat,lng,name,pincode
"No.17, Rukmani Lakshmipathy Salai, Egmore, Chennai - 600008",A,9445086001,Chennai,,"Command Central Vehicle, Bronto 104m",,044-28554101,13.0674,80.2598,Chennai City (HQ),600008
"Rukmani Lakshmipathy Salai, Egmore, Chennai",A,9445086012,Chennai,,"54m ALP, Water Bowser",,044-28551101,13.0732,80.2605,Egmore,600008
"NSC Bose Road, Esplanade, Chennai",A,9445086012,Chennai,,"54m ALP, Foam Tender",,044-25360101,13.0891,80.2854,Esplanade,600001
"State Bank Road, Gopalapuram, Coimbatore",A,9445086306,Coimbatore,,"54m ALP, Rescue Tender",,0422-2300101,10.9986,76.9684,Coimbatore South,641018
"Rajakoor, Madurai",A,9445086210,Madurai,,"37m Bronto, Advanced Rescue Kit",,0452-2335399,9.9252,78.1198,Madurai South,625020
"Cantonment, Trichy",A,9445086304,Tiruchirappalli,,"54m ALP, Chemical Tender",,0431-2410101,10.805,78.6856,Trichy Cantonment,620001
"Fire Station Road, Vellore Town",B,9445086737,Vellore,so.vellorestation1.tnfrs@tn.gov.in,"Standard Fire Tender, Hydraulic Tools",1978,044-2302101,12.4738,77.296,Vellore Station 1,64240
"Fire Station Road, Erode Town",B,9445086978,Erode,so.erodestation1.tnfrs@tn.gov.in,"Standard Fire Tender, Hydraulic Tools",1959,048-2582101,12.3079,77.1402,Erode Station 1,60124
"Fire Station Road, Thoothukudi Town",B,9445086281,Thoothukudi,so.thoothukudistation1.tnfrs@tn.gov.in,"Standard Fire Tender, Hydraulic Tools",1953,045-2448101,10.8064,76.0183,Thoothukudi Station 1,62495
"Fire Station Road, Tiruppur Town",B,9445086813,Tiruppur,so.tiruppurstation1.tnfrs@tn.gov.in,"Standard Fire Tender, Hydraulic Tools",2011,044-2717101,11.5676,78.2184,Tiruppur Station 1,61332
"Fire Station Road, Kancheepuram Town",B,9445086990,Kancheepuram,so.kancheepuramstation1.tnfrs@tn.gov.in,"Standard Fire Tender, Hydraulic Tools",1996,049-2733101,11.9247,77.0357,Kancheepuram Station 1,61181
"Fire Station Road, Chengalpattu Town",B,9445086802,Chengalpattu,so.chengalpattustation1.tnfrs@tn.gov.in,"Standard Fire Tender, Hydraulic Tools",1968,042-2703101,12.982,78.3391,Chengalpattu Station 1,64741
"Fire Station Road, Tiruvallur Town",B,9445086476,Tiruvallur,so.tiruvallurstation1.tnfrs@tn.gov.in,"Standard Fire Tender, Hydraulic Tools",1986,041-2844101,11.7733,79.7197,Tiruvallur Station 1,62664
"Fire Station Road, Cuddalore Town",B,9445086927,Cuddalore,so.cuddalorestation1.tnfrs@tn.gov.in,"Standard Fire Tender, Hydraulic Tools",2014,046-2754101,12.2407,78.0271,Cuddalore Station 1,63105
"Fire Station Road, Villupuram Town",B,9445086154,Villupuram,so.villupuramstation1.tnfrs@tn.gov.in,"Standard Fire Tender, Hydraulic Tools",2022,048-2769101,9.9057,77.3313,Villupuram Station 1,63215
"Fire Station Road, Thanjavur Town",B,9445086825,Thanjavur,so.thanjavurstation1.tnfrs@tn.gov.in,"Standard Fire Tender, Hydraulic Tools",2016,042-2305101,12.8736,78.5794,Thanjavur Station 1,64374
"Fire Station Road, Dindigul Town",B,9445086986,Dindigul,so.dindigulstation1.tnfrs@tn.gov.in,"Standard Fire Tender, Hydraulic Tools",2009,040-2637101,10.8558,79.1683,Dindigul Station 1,62910
"Fire Station Road, Sivaganga Town",B,9445086802,Sivaganga,so.sivagangastation1.tnfrs@tn.gov.in,"Standard Fire Tender, Hydraulic Tools",1959,041-2435101,9.5386,77.6995,Sivaganga Station 1,61377
"Fire Station Road, Virudhunagar Town",B,9445086740,Virudhunagar,so.virudhunagarstation1.tnfrs@tn.gov.in,"Standard Fire Tender, Hydraulic Tools",1974,040-2693101,10.8412,78.0529,Virudhunagar Station 1,63653
"Fire Station Road, Ramanathapuram Town",B,9445086788,Ramanathapuram,so.ramanathapuramstation1.tnfrs@tn.gov.in,"Standard Fire Tender, Hydraulic Tools",1974,042-2761101,13.4365,79.3893,Ramanathapuram Station 1,60019
"Fire Station Road, Theni Town",B,9445086562,Theni,so.thenistation1.tnfrs@tn.gov.in,"Standard Fire Tender, Hydraulic Tools",1956,045-2263101,8.6799,77.4132,Theni Station 1,61837
"Fire Station Road, Dharmapuri Town",B,9445086202,Dharmapuri,so.dharmapuristation1.tnfrs@tn.gov.in,"Standard Fire Tender, Hydraulic Tools",1965,041-2617101,10.9779,78.2812,Dharmapuri Station 1,64035
"Fire Station Road, Krishnagiri Town",B,9445086656,Krishnagiri,so.krishnagiristation1.tnfrs@tn.gov.in,"Standard Fire Tender, Hydraulic Tools",1970,049-2501101,10.6819,76.649,Krishnagiri Station 1,62112
"Fire Station Road, Namakkal Town",B,9445086232,Namakkal,so.namakkalstation1.tnfrs@tn.gov.in,"Standard Fire Tender, Hydraulic Tools",1948,042-2547101,10.212,79.2742,Namakkal Station 1,62833
"Fire Station Road, Pudukkottai Town",B,9445086759,Pudukkottai,so.pudukkottaistation1.tnfrs@tn.gov.in,"Standard Fire Tender, Hydraulic Tools",1952,048-2368101,8.7932,79.9146,Pudukkottai Station 1,62793
"Fire Station Road, Nagapattinam Town",B,9445086779,Nagapattinam,so.nagapattinamstation1.tnfrs@tn.gov.in,"Standard Fire Tender, Hydraulic Tools",2009,045-2397101,9.1834,78.1436,Nagapattinam Station 1,61152
"Fire Station Road, Tiruvarur Town",B,9445086885,Tiruvarur,so.tiruvarurstation1.tnfrs@tn.gov.in,"Standard Fire Tender, Hydraulic Tools",2014,044-2264101,12.5778,77.3965,Tiruvarur Station 1,63250
"Fire Station Road, Karur Town",B,9445086984,Karur,so.karurstation1.tnfrs@tn.gov.in,"Standard Fire Tender, Hydraulic Tools",1950,049-2802101,13.0418,76.9947,Karur Station 1,62073
"Fire Station Road, Perambalur Town",B,9445086339,Perambalur,so.perambalurstation1.tnfrs@tn.gov.in,"Standard Fire Tender, Hydraulic Tools",1984,042-2487101,12.1636,76.9465,Perambalur Station 1,61293
"Fire Station Road, Ariyalur Town",B,9445086487,Ariyalur,so.ariyalurstation1.tnfrs@tn.gov.in,"Standard Fire Tender, Hydraulic Tools",1941,047-2364101,11.0193,79.5491,Ariyalur Station 1,63785
"Fire Station Road, The Nilgiris Town",B,9445086172,The Nilgiris,so.thenilgirisstation1.tnfrs@tn.gov.in,"Standard Fire Tender, Hydraulic Tools",2015,043-2726101,11.4182,78.7682,The Nilgiris Station 1,61181
"Fire Station Road, Kanniyakumari Town",B,9445086456,Kanniyakumari,so.kanniyakumaristation1.tnfrs@tn.gov.in,"Standard Fire Tender, Hydraulic Tools",1987,042-2397101,9.187,76.3276,Kanniyakumari Station 1,60452
"Fire Station Road, Tenkasi Town",B,9445086143,Tenkasi,so.tenkasistation1.tnfrs@tn.gov.in,"Standard Fire Tender, Hydraulic Tools",2010,041-2841101,8.4898,77.0089,Tenkasi Station 1,60829
"Fire Station Road, Tirupathur Town",B,9445086334,Tirupathur,so.tirupathurstation1.tnfrs@tn.gov.in,"Standard Fire Tender, Hydraulic Tools",2010,046-2665101,11.6161,76.5241,Tirupathur Station 1,62546
"Fire Station Road, Ranipet Town",B,9445086811,Ranipet,so.ranipetstation1.tnfrs@tn.gov.in,"Standard Fire Tender, Hydraulic Tools",1970,048-2273101,13.065,78.2361,Ranipet Station 1,62700
"Fire Station Road, Kallakurichi Town",B,9445086341,Kallakurichi,so.kallakurichistation1.tnfrs@tn.gov.in,"Standard Fire Tender, Hydraulic Tools",2006,048-2715101,11.8018,78.4606,Kallakurichi Station 1,63759
"Fire Station Road, Mayiladuthurai Town",B,9445086172,Mayiladuthurai,so.mayiladuthuraistation1.tnfrs@tn.gov.in,"Standard Fire Tender, Hydraulic Tools",1973,047-2266101,8.2243,77.4017,Mayiladuthurai Station 1,62324
"Fire Station Road, Chengalpattu Town",B,9445086785,Chengalpattu,so.chengalpattustation1.tnfrs@tn.gov.in,"Standard Fire Tender, Hydraulic Tools",1976,044-2837101,10.4672,77.075,Chengalpattu Station 1,62363
"Fire Station Road, Chennai Town",A,9445086425,Chennai,so.chennaistation2.tnfrs@tn.gov.in,"Standard Fire Tender, Hydraulic Tools",1966,043-2698101,10.7695,79.3034,Chennai Station 2,60496
"Fire Station Road, Coimbatore Town",A,9445086333,Coimbatore,so.coimbatorestation2.tnfrs@tn.gov.in,"Standard Fire Tender, Hydraulic Tools",1989,047-2695101,11.9736,78.1683,Coimbatore Station 2,62650
"Fire Station Road, Madurai Town",A,9445086358,Madurai,so.maduraistation2.tnfrs@tn.gov.in,"Standard Fire Tender, Hydraulic Tools",2001,044-2331101,8.7534,76.9296,Madurai Station 2,60168
"Fire Station Road, Tiruchirappalli Town",A,9445086313,Tiruchirappalli,so.tiruchirappallistation2.tnfrs@tn.gov.in,"Standard Fire Tender, Hydraulic Tools",1999,046-2521101,10.0056,77.0196,Tiruchirappalli Station 2,63413
"Fire Station Road, Salem Town",A,9445086485,Salem,so.salemstation2.tnfrs@tn.gov.in,"Standard Fire Tender, Hydraulic Tools",1977,044-2548101,13.4918,76.2615,Salem Station 2,61793
"Fire Station Road, Tirunelveli Town",B,9445086437,Tirunelveli,so.tirunelvelistation2.tnfrs@tn.gov.in,"Standard Fire Tender, Hydraulic Tools",2015,041-2560101,8.0923,77.0804,Tirunelveli Station 2,61559
"Fire Station Road, Vellore Town",B,9445086121,Vellore,so.vellorestation2.tnfrs@tn.gov.in,"Standard Fire Tender, Hydraulic Tools",1990,049-2398101,10.9847,79.5942,Vellore Station 2,61558
"Fire Station Road, Erode Town",B,9445086854,Erode,so.erodestation2.tnfrs@tn.gov.in,"Standard Fire Tender, Hydraulic Tools",1957,045-2870101,8.7612,76.0058,Erode Station 2,63529
"Fire Station Road, Thoothukudi Town",B,9445086840,Thoothukudi,so.thoothukudistation2.tnfrs@tn.gov.in,"Standard Fire Tender, Hydraulic Tools",1968,047-2500101,10.377,78.7733,Thoothukudi Station 2,62571
"Fire Station Road, Tiruppur Town",B,9445086860,Tiruppur,so.tiruppurstation2.tnfrs@tn.gov.in,"Standard Fire Tender, Hydraulic Tools",1946,046-2255101,8.6635,79.441,Tiruppur Station 2,60026
"Fire Station Road, Kancheepuram Town",B,9445086593,Kancheepuram,so.kancheepuramstation2.tnfrs@tn.gov.in,"Standard Fire Tender, Hydraulic Tools",1946,044-2286101,8.5478,77.4329,Kancheepuram Station 2,61700
"Fire Station Road, Chengalpattu Town",B,9445086509,Chengalpattu,so.chengalpattustation2.tnfrs@tn.gov.in,"Standard Fire Tender, Hydraulic Tools",1940,042-2230101,9.4804,78.3699,Chengalpattu Station 2,64396
"Fire Station Road, Tiruvallur Town",B,9445086491,Tiruvallur,so.tiruvallurstation2.tnfrs@tn.gov.in,"Standard Fire Tender, Hydraulic Tools",1991,041-2900101,11.8167,79.4695,Tiruvallur Station 2,60721
"Fire Station Road, Cuddalore Town",B,9445086796,Cuddalore,so.cuddalorestation2.tnfrs@tn.gov.in,"Standard Fire Tender, Hydraulic Tools",1972,044-2382101,8.9466,76.7321,Cuddalore Station 2,60710
"Fire Station Road, Villupuram Town",B,9445086525,Villupuram,so.villupuramstation2.tnfrs@tn.gov.in,"Standard Fire Tender, Hydraulic Tools",1977,042-2779101,8.226,76.0033,Villupuram Station 2,60410
"Fire Station Road, Thanjavur Town",B,9445086266,Thanjavur,so.thanjavurstation2.tnfrs@tn.gov.in,"Standard Fire Tender, Hydraulic Tools",1981,042-2236101,13.4865,77.0648,Thanjavur Station 2,64458
"Fire Station Road, Dindigul Town",B,9445086103,Dindigul,so.dindigulstation2.tnfrs@tn.gov.in,"Standard Fire Tender, Hydraulic Tools",1965,048-2361101,12.6722,78.3837,Dindigul Station 2,62030
"Fire Station Road, Sivaganga Town",B,9445086104,Sivaganga,so.sivagangastation2.tnfrs@tn.gov.in,"Standard Fire Tender, Hydraulic Tools",2010,041-2464101,11.8744,76.1799,Sivaganga Station 2,64178
"Fire Station Road, Virudhunagar Town",B,9445086200,Virudhunagar,so.virudhunagarstation2.tnfrs@tn.gov.in,"Standard Fire Tender, Hydraulic Tools",1959,049-2339101,13.241,79.4656,Virudhunagar Station 2,62739
"Fire Station Road, Ramanathapuram Town",B,9445086896,Ramanathapuram,so.ramanathapuramstation2.tnfrs@tn.gov.in,"Standard Fire Tender, Hydraulic Tools",1947,041-2544101,9.8011,78.4282,Ramanathapuram Station 2,63979
"Fire Station Road, Theni Town",B,9445086270,Theni,so.thenistation2.tnfrs@tn.gov.in,"Standard Fire Tender, Hydraulic Tools",1964,044-2272101,8.4984,77.3784,Theni Station 2,60460
"Fire Station Road, Dharmapuri Town",B,9445086307,Dharmapuri,so.dharmapuristation2.tnfrs@tn.gov.in,"Standard Fire Tender, Hydraulic Tools",2004,044-2456101,11.541,78.15,Dharmapuri Station 2,62454
"Fire Station Road, Krishnagiri Town",B,9445086657,Krishnagiri,so.krishnagiristation2.tnfrs@tn.gov.in,"Standard Fire Tender, Hydraulic Tools",1947,044-2781101,12.4344,76.5054,Krishnagiri Station 2,63450
"Fire Station Road, Namakkal Town",B,9445086460,Namakkal,so.namakkalstation2.tnfrs@tn.gov.in,"Standard Fire Tender, Hydraulic Tools",1949,042-2460101,11.1646,78.305,Namakkal Station 2,61873
"Fire Station Road, Pudukkottai Town",B,9445086808,Pudukkottai,so.pudukkottaistation2.tnfrs@tn.gov.in,"Standard Fire Tender, Hydraulic Tools",1975,042-2836101,10.2968,78.4582,Pudukkottai Station 2,63252
"Fire Station Road, Nagapattinam Town",B,9445086692,Nagapattinam,so.nagapattinamstation2.tnfrs@tn.gov.in,"Standard Fire Tender, Hydraulic Tools",1957,049-2600101,8.788,78.2419,Nagapattinam Station 2,63075
"Fire Station Road, Tiruvarur Town",B,9445086775,Tiruvarur,so.tiruvarurstation2.tnfrs@tn.gov.in,"Standard Fire Tender, Hydraulic Tools",1948,046-2788101,9.9219,76.6611,Tiruvarur Station 2,60684
"Fire Station Road, Karur Town",B,9445086634,Karur,so.karurstation2.tnfrs@tn.gov.in,"Standard Fire Tender, Hydraulic Tools",1962,047-2212101,11.8346,77.6075,Karur Station 2,64452
"Fire Station Road, Perambalur Town",B,9445086553,Perambalur,so.perambalurstation2.tnfrs@tn.gov.in,"Standard Fire Tender, Hydraulic Tools",1993,046-2420101,10.9087,78.7903,Perambalur Station 2,62275
"Fire Station Road, Ariyalur Town",B,9445086967,Ariyalur,so.ariyalurstation2.tnfrs@tn.gov.in,"Standard Fire Tender, Hydraulic Tools",1951,041-2400101,12.533,79.6429,Ariyalur Station 2,62439
"Fire Station Road, The Nilgiris Town",B,9445086391,The Nilgiris,so.thenilgirisstation2.tnfrs@tn.gov.in,"Standard Fire Tender, Hydraulic Tools",1968,043-2264101,11.1682,78.4934,The Nilgiris Station 2,61438
"Fire Station Road, Kanniyakumari Town",B,9445086441,Kanniyakumari,so.kanniyakumaristation2.tnfrs@tn.gov.in,"Standard Fire Tender, Hydraulic Tools",1997,042-2607101,8.718,77.3142,Kanniyakumari Station 2,63492
"Fire Station Road, Tenkasi Town",B,9445086112,Tenkasi,so.tenkasistation2.tnfrs@tn.gov.in,"Standard Fire Tender, Hydraulic Tools",1978,048-2775101,10.2209,78.3525,Tenkasi Station 2,63600
"Fire Station Road, Tirupathur Town",B,9445086660,Tirupathur,so.tirupathurstation2.tnfrs@tn.gov.in,"Standard Fire Tender, Hydraulic Tools",2019,042-2794101,10.6159,78.8047,Tirupathur Station 2,64156
"Fire Station Road, Ranipet Town",B,9445086409,Ranipet,so.ranipetstation2.tnfrs@tn.gov.in,"Standard Fire Tender, Hydraulic Tools",2004,047-2436101,11.73,79.5501,Ranipet Station 2,63054
"Fire Station Road, Kallakurichi Town",B,9445086235,Kallakurichi,so.kallakurichistation2.tnfrs@tn.gov.in,"Standard Fire Tender, Hydraulic Tools",1997,043-2365101,13.0454,76.5339,Kallakurichi Station 2,63695
"Fire Station Road, Mayiladuthurai Town",B,9445086769,Mayiladuthurai,so.mayiladuthuraistation2.tnfrs@tn.gov.in,"Standard Fire Tender, Hydraulic Tools",1951,041-2763101,9.1116,79.6346,Mayiladuthurai Station 2,61241
"Fire Station Road, Chengalpattu Town",B,9445086277,Chengalpattu,so.chengalpattustation2.tnfrs@tn.gov.in,"Standard Fire Tender, Hydraulic Tools",1943,049-2841101,8.2633,77.5357,Chengalpattu Station 2,64363
"Fire Station Road, Chennai Town",A,9445086280,Chennai,so.chennaistation3.tnfrs@tn.gov.in,"Standard Fire Tender, Hydraulic Tools",1972,043-2867101,8.0881,78.9632,Chennai Station 3,60847
"Fire Station Road, Coimbatore Town",A,9445086923,Coimbatore,so.coimbatorestation3.tnfrs@tn.gov.in,"Standard Fire Tender, Hydraulic Tools",1991,042-2282101,13.0984,77.1535,Coimbatore Station 3,64199
"Fire Station Road, Madurai Town",A,9445086353,Madurai,so.maduraistation3.tnfrs@tn.gov.in,"Standard Fire Tender, Hydraulic Tools",1995,048-2788101,9.7761,77.8617,Madurai Station 3,63952
"Fire Station Road, Tiruchirappalli Town",A,9445086929,Tiruchirappalli,so.tiruchirappallistation3.tnfrs@tn.gov.in,"Standard Fire Tender, Hydraulic Tools",1943,048-2630101,10.925,79.1608,Tiruchirappalli Station 3,61823
"Fire Station Road, Salem Town",A,9445086674,Salem,so.salemstation3.tnfrs@tn.gov.in,"Standard Fire Tender, Hydraulic Tools",1958,044-2528101,10.6253,77.5218,Salem Station 3,63601
"Fire Station Road, Tirunelveli Town",B,9445086631,Tirunelveli,so.tirunelvelistation3.tnfrs@tn.gov.in,"Standard Fire Tender, Hydraulic Tools",1993,040-2461101,12.0123,77.2029,Tirunelveli Station 3,63635
"Fire Station Road, Vellore Town",B,9445086814,Vellore,so.vellorestation3.tnfrs@tn.gov.in,"Standard Fire Tender, Hydraulic Tools",1963,041-2652101,12.4987,79.3528,Vellore Station 3,60630
"Fire Station Road, Erode Town",B,9445086433,Erode,so.erodestation3.tnfrs@tn.gov.in,"Standard Fire Tender, Hydraulic Tools",1998,049-2563101,8.5022,78.5447,Erode Station 3,63807
"Fire Station Road, Thoothukudi Town",B,9445086719,Thoothukudi,so.thoothukudistation3.tnfrs@tn.gov.in,"Standard Fire Tender, Hydraulic Tools",2022,047-2461101,10.2931,78.573,Thoothukudi Station 3,60471
"Fire Station Road, Tiruppur Town",B,9445086226,Tiruppur,so.tiruppurstation3.tnfrs@tn.gov.in,"Standard Fire Tender, Hydraulic Tools",1970,047-2378101,12.7644,76.5896,Tiruppur Station 3,60953
"Fire Station Road, Kancheepuram Town",B,9445086644,Kancheepuram,so.kancheepuramstation3.tnfrs@tn.gov.in,"Standard Fire Tender, Hydraulic Tools",1958,046-2446101,8.2214,77.3744,Kancheepuram Station 3,63718
"Fire Station Road, Chengalpattu Town",B,9445086121,Chengalpattu,so.chengalpattustation3.tnfrs@tn.gov.in,"Standard Fire Tender, Hydraulic Tools",1971,041-2215101,10.3767,78.502,Chengalpattu Station 3,61089
"Fire Station Road, Tiruvallur Town",B,9445086518,Tiruvallur,so.tiruvallurstation3.tnfrs@tn.gov.in,"Standard Fire Tender, Hydraulic Tools",1941,040-2835101,10.9577,76.8782,Tiruvallur Station 3,60743
"Fire Station Road, Cuddalore Town",B,9445086911,Cuddalore,so.cuddalorestation3.tnfrs@tn.gov.in,"Standard Fire Tender, Hydraulic Tools",1963,045-2799101,12.5902,76.1906,Cuddalore Station 3,63996
"Fire Station Road, Villupuram Town",B,9445086320,Villupuram,so.villupuramstation3.tnfrs@tn.gov.in,"Standard Fire Tender, Hydraulic Tools",1987,043-2561101,12.9454,78.1955,Villupuram Station 3,61132
"Fire Station Road, Thanjavur Town",B,9445086929,Thanjavur,so.thanjavurstation3.tnfrs@tn.gov.in,"Standard Fire Tender, Hydraulic Tools",1968,044-2859101,9.4818,77.8384,Thanjavur Station 3,61073
"Fire Station Road, Dindigul Town",B,9445086960,Dindigul,so.dindigulstation3.tnfrs@tn.gov.in,"Standard Fire Tender, Hydraulic Tools",1963,040-2316101,10.6341,77.7222,Dindigul Station 3,64224
"Fire Station Road, Sivaganga Town",B,9445086687,Sivaganga,so.sivagangastation3.tnfrs@tn.gov.in,"Standard Fire Tender, Hydraulic Tools",1966,044-2890101,11.3901,78.6344,Sivaganga Station 3,62598
"Fire Station Road, Virudhunagar Town",B,9445086900,Virudhunagar,so.virudhunagarstation3.tnfrs@tn.gov.in,"Standard Fire Tender, Hydraulic Tools",1996,041-2801101,9.1152,78.7281,Virudhunagar Station 3,63087
"Fire Station Road, Ramanathapuram Town",B,9445086890,Ramanathapuram,so.ramanathapuramstation3.tnfrs@tn.gov.in,"Standard Fire Tender, Hydraulic Tools",1994,040-2342101,8.2965,76.8528,Ramanathapuram Station 3,64926
"Fire Station Road, Theni Town",B,9445086210,Theni,so.thenistation3.tnfrs@tn.gov.in,"Standard Fire Tender, Hydraulic Tools",1949,046-2427101,8.304,76.686,Theni Station 3,63067
"Fire Station Road, Dharmapuri Town",B,9445086416,Dharmapuri,so.dharmapuristation3.tnfrs@tn.gov.in,"Standard Fire Tender, Hydraulic Tools",1981,041-2231101,12.982,79.5135,Dharmapuri Station 3,63958
"Fire Station Road, Krishnagiri Town",B,9445086974,Krishnagiri,so.krishnagiristation3.tnfrs@tn.gov.in,"Standard Fire Tender, Hydraulic Tools",2022,046-2832101,10.7458,79.5225,Krishnagiri Station 3,64583
"Fire Station Road, Namakkal Town",B,9445086940,Namakkal,so.namakkalstation3.tnfrs@tn.gov.in,"Standard Fire Tender, Hydraulic Tools",2003,041-2662101,12.3698,76.7086,Namakkal Station 3,64501
"Fire Station Road, Pudukkottai Town",B,9445086248,Pudukkottai,so.pudukkottaistation3.tnfrs@tn.gov.in,"Standard Fire Tender, Hydraulic Tools",1950,049-2823101,13.0997,78.7607,Pudukkottai Station 3,62988
"Fire Station Road, Nagapattinam Town",B,9445086601,Nagapattinam,so.nagapattinamstation3.tnfrs@tn.gov.in,"Standard Fire Tender, Hydraulic Tools",1989,041-2642101,8.4228,77.3445,Nagapattinam Station 3,60247
"Fire Station Road, Tiruvarur Town",B,9445086399,Tiruvarur,so.tiruvarurstation3.tnfrs@tn.gov.in,"Standard Fire Tender, Hydraulic Tools",2008,049-2829101,9.5405,77.8606,Tiruvarur Station 3,61082
"Fire Station Road, Karur Town",B,9445086696,Karur,so.karurstation3.tnfrs@tn.gov.in,"Standard Fire Tender, Hydraulic Tools",1998,045-2546101,13.461,78.2427,Karur Station 3,60204
"Fire Station Road, Perambalur Town",B,9445086630,Perambalur,so.perambalurstation3.tnfrs@tn.gov.in,"Standard Fire Tender, Hydraulic Tools",2018,045-2440101,9.5902,76.8842,Perambalur Station 3,60753
"Fire Station Road, Ariyalur Town",B,9445086884,Ariyalur,so.ariyalurstation3.tnfrs@tn.gov.in,"Standard Fire Tender, Hydraulic Tools",1964,041-2760101,8.7046,76.1431,Ariyalur Station 3,61258
"Fire Station Road, The Nilgiris Town",B,9445086376,The Nilgiris,so.thenilgirisstation3.tnfrs@tn.gov.in,"Standard Fire Tender, Hydraulic Tools",2012,042-2875101,11.9545,79.7679,The Nilgiris Station 3,60481
"Fire Station Road, Kanniyakumari Town",B,9445086127,Kanniyakumari,so.kanniyakumaristation3.tnfrs@tn.gov.in,"Standard Fire Tender, Hydraulic Tools",1967,047-2761101,13.1426,79.9409,Kanniyakumari Station 3,61032
"Fire Station Road, Tenkasi Town",B,9445086267,Tenkasi,so.tenkasistation3.tnfrs@tn.gov.in,"Standard Fire Tender, Hydraulic Tools",1992,045-2706101,9.0026,79.3139,Tenkasi Station 3,63737
"Fire Station Road, Tirupathur Town",B,9445086245,Tirupathur,so.tirupathurstation3.tnfrs@tn.gov.in,"Standard Fire Tender, Hydraulic Tools",2021,042-2643101,12.1285,76.6345,Tirupathur Station 3,61483
"Fire Station Road, Ranipet Town",B,9445086790,Ranipet,so.ranipetstation3.tnfrs@tn.gov.in,"Standard Fire Tender, Hydraulic Tools",1983,044-2493101,8.3109,76.3816,Ranipet Station 3,64937
"Fire Station Road, Kallakurichi Town",B,9445086790,Kallakurichi,so.kallakurichistation3.tnfrs@tn.gov.in,"Standard Fire Tender, Hydraulic Tools",1998,044-2548101,13.4259,79.7945,Kallakurichi Station 3,63096
"Fire Station Road, Mayiladuthurai Town",B,9445086968,Mayiladuthurai,so.mayiladuthuraistation3.tnfrs@tn.gov.in,"Standard Fire Tender, Hydraulic Tools",1983,047-2623101,8.73,76.2144,Mayiladuthurai Station 3,60230
"Fire Station Road, Chengalpattu Town",B,9445086210,Chengalpattu,so.chengalpattustation3.tnfrs@tn.gov.in,"Standard Fire Tender, Hydraulic Tools",1975,047-2642101,10.0836,76.6571,Chengalpattu Station 3,64618
"Fire Station Road, Chennai Town",A,9445086929,Chennai,so.chennaistation4.tnfrs@tn.gov.in,"Standard Fire Tender, Hydraulic Tools",2006,041-2615101,8.1026,78.761,Chennai Station 4,60222
"Fire Station Road, Coimbatore Town",A,9445086484,Coimbatore,so.coimbatorestation4.tnfrs@tn.gov.in,"Standard Fire Tender, Hydraulic Tools",2009,047-2696101,9.4301,76.4986,Coimbatore Station 4,62632
"Fire Station Road, Madurai Town",A,9445086389,Madurai,so.maduraistation4.tnfrs@tn.gov.in,"Standard Fire Tender, Hydraulic Tools",2021,047-2768101,10.5792,76.2492,Madurai Station 4,64236
"Fire Station Road, Tiruchirappalli Town",A,9445086374,Tiruchirappalli,so.tiruchirappallistation4.tnfrs@tn.gov.in,"Standard Fire Tender, Hydraulic Tools",2000,044-2633101,10.7899,79.5022,Tiruchirappalli Station 4,64004
"Fire Station Road, Salem Town",A,9445086243,Salem,so.salemstation4.tnfrs@tn.gov.in,"Standard Fire Tender, Hydraulic Tools",1955,043-2893101,8.1249,77.3698,Salem Station 4,64415
"Fire Station Road, Tirunelveli Town",C,9445086556,Tirunelveli,so.tirunelvelistation4.tnfrs@tn.gov.in,"Standard Fire Tender, Hydraulic Tools",1988,040-2545101,10.0537,79.8664,Tirunelveli Station 4,62839
"Fire Station Road, Vellore Town",C,9445086955,Vellore,so.vellorestation4.tnfrs@tn.gov.in,"Standard Fire Tender, Hydraulic Tools",2021,046-2801101,11.362,77.8664,Vellore Station 4,60781
"Fire Station Road, Erode Town",C,9445086342,Erode,so.erodestation4.tnfrs@tn.gov.in,"Standard Fire Tender, Hydraulic Tools",2011,040-2285101,11.2779,79.9463,Erode Station 4,60513
"Fire Station Road, Thoothukudi Town",C,9445086694,Thoothukudi,so.thoothukudistation4.tnfrs@tn.gov.in,"Standard Fire Tender, Hydraulic Tools",1988,049-2803101,10.4855,76.1525,Thoothukudi Station 4,61627
"Fire Station Road, Tiruppur Town",C,9445086879,Tiruppur,so.tiruppurstation4.tnfrs@tn.gov.in,"Standard Fire Tender, Hydraulic Tools",1944,041-2638101,9.4244,78.8769,Tiruppur Station 4,61408
"Fire Station Road, Kancheepuram Town",C,9445086222,Kancheepuram,so.kancheepuramstation4.tnfrs@tn.gov.in,"Standard Fire Tender, Hydraulic Tools",1979,040-2727101,11.045,79.7408,Kancheepuram Station 4,62761
"Fire Station Road, Chengalpattu Town",C,9445086317,Chengalpattu,so.chengalpattustation4.tnfrs@tn.gov.in,"Standard Fire Tender, Hydraulic Tools",1941,047-2899101,8.9009,78.9234,Chengalpattu Station 4,60920
"Fire Station Road, Tiruvallur Town",C,9445086998,Tiruvallur,so.tiruvallurstation4.tnfrs@tn.gov.in,"Standard Fire Tender, Hydraulic Tools",1987,042-2419101,8.4325,76.5012,Tiruvallur Station 4,60644
"Fire Station Road, Cuddalore Town",C,9445086704,Cuddalore,so.cuddalorestation4.tnfrs@tn.gov.in,"Standard Fire Tender, Hydraulic Tools",1945,043-2643101,11.1035,78.857,Cuddalore Station 4,60546
"Fire Station Road, Villupuram Town",C,9445086523,Villupuram,so.villupuramstation4.tnfrs@tn.gov.in,"Standard Fire Tender, Hydraulic Tools",2020,045-2369101,9.4683,77.2094,Villupuram Station 4,63580
"Fire Station Road, Thanjavur Town",C,9445086101,Thanjavur,so.thanjavurstation4.tnfrs@tn.gov.in,"Standard Fire Tender, Hydraulic Tools",2004,044-2808101,8.7562,79.8178,Thanjavur Station 4,62415
"Fire Station Road, Dindigul Town",C,9445086479,Dindigul,so.dindigulstation4.tnfrs@tn.gov.in,"Standard Fire Tender, Hydraulic Tools",1942,043-2640101,11.1548,76.1895,Dindigul Station 4,60712
"Fire Station Road, Sivaganga Town",C,9445086374,Sivaganga,so.sivagangastation4.tnfrs@tn.gov.in,"Standard Fire Tender, Hydraulic Tools",2004,042-2323101,8.8321,76.6154,Sivaganga Station 4,60812
"Fire Station Road, Virudhunagar Town",C,9445086232,Virudhunagar,so.virudhunagarstation4.tnfrs@tn.gov.in,"Standard Fire Tender, Hydraulic Tools",2005,049-2714101,12.8343,76.5288,Virudhunagar Station 4,62707
"Fire Station Road, Ramanathapuram Town",C,9445086990,Ramanathapuram,so.ramanathapuramstation4.tnfrs@tn.gov.in,"Standard Fire Tender, Hydraulic Tools",1952,044-2342101,12.0965,79.6909,Ramanathapuram Station 4,60777
"Fire Station Road, Theni Town",C,9445086261,Theni,so.thenistation4.tnfrs@tn.gov.in,"Standard Fire Tender, Hydraulic Tools",1962,044-2636101,13.2205,78.9753,Theni Station 4,61561
"Fire Station Road, Dharmapuri Town",C,9445086941,Dharmapuri,so.dharmapuristation4.tnfrs@tn.gov.in,"Standard Fire Tender, Hydraulic Tools",1997,046-2280101,12.9609,78.2749,Dharmapuri Station 4,64305
"Fire Station Road, Krishnagiri Town",C,9445086210,Krishnagiri,so.krishnagiristation4.tnfrs@tn.gov.in,"Standard Fire Tender, Hydraulic Tools",2019,042-2721101,9.255,76.8462,Krishnagiri Station 4,62511
"Fire Station Road, Namakkal Town",C,9445086547,Namakkal,so.namakkalstation4.tnfrs@tn.gov.in,"Standard Fire Tender, Hydraulic Tools",1996,045-2483101,10.1451,76.1646,Namakkal Station 4,64443
"Fire Station Road, Pudukkottai Town",C,9445086109,Pudukkottai,so.pudukkottaistation4.tnfrs@tn.gov.in,"Standard Fire Tender, Hydraulic Tools",1994,043-2320101,11.3638,76.9515,Pudukkottai Station 4,63678
"Fire Station Road, Nagapattinam Town",C,9445086593,Nagapattinam,so.nagapattinamstation4.tnfrs@tn.gov.in,"Standard Fire Tender, Hydraulic Tools",1990,047-2466101,12.1475,79.0125,Nagapattinam Station 4,64241
"Fire Station Road, Tiruvarur Town",C,9445086202,Tiruvarur,so.tiruvarurstation4.tnfrs@tn.gov.in,"Standard Fire Tender, Hydraulic Tools",1970,041-2465101,10.6177,79.8483,Tiruvarur Station 4,64288
"Fire Station Road, Karur Town",C,9445086357,Karur,so.karurstation4.tnfrs@tn.gov.in,"Standard Fire Tender, Hydraulic Tools",2014,046-2208101,12.9047,79.2529,Karur Station 4,64910
"Fire Station Road, Perambalur Town",C,9445086594,Perambalur,so.perambalurstation4.tnfrs@tn.gov.in,"Standard Fire Tender, Hydraulic Tools",2010,048-2567101,11.5994,77.0114,Perambalur Station 4,62040
"Fire Station Road, Ariyalur Town",C,9445086947,Ariyalur,so.ariyalurstation4.tnfrs@tn.gov.in,"Standard Fire Tender, Hydraulic Tools",2019,043-2443101,10.7761,78.4393,Ariyalur Station 4,64439
"Fire Station Road, The Nilgiris Town",C,9445086150,The Nilgiris,so.thenilgirisstation4.tnfrs@tn.gov.in,"Standard Fire Tender, Hydraulic Tools",1992,049-2516101,10.4196,76.8384,The Nilgiris Station 4,60059
"Fire Station Road, Kanniyakumari Town",C,9445086118,Kanniyakumari,so.kanniyakumaristation4.tnfrs@tn.gov.in,"Standard Fire Tender, Hydraulic Tools",1961,045-2560101,13.3135,79.889,Kanniyakumari Station 4,64202
"Fire Station Road, Tenkasi Town",C,9445086413,Tenkasi,so.tenkasistation4.tnfrs@tn.gov.in,"Standard Fire Tender, Hydraulic Tools",1941,049-2335101,9.569,76.7538,Tenkasi Station 4,64241
"Fire Station Road, Tirupathur Town",C,9445086533,Tirupathur,so.tirupathurstation4.tnfrs@tn.gov.in,"Standard Fire Tender, Hydraulic Tools",1950,044-2643101,10.1523,79.7312,Tirupathur Station 4,61516
"Fire Station Road, Ranipet Town",C,9445086183,Ranipet,so.ranipetstation4.tnfrs@tn.gov.in,"Standard Fire Tender, Hydraulic Tools",1945,046-2497101,10.4756,77.0607,Ranipet Station 4,61319
"Fire Station Road, Kallakurichi Town",C,9445086156,Kallakurichi,so.kallakurichistation4.tnfrs@tn.gov.in,"Standard Fire Tender, Hydraulic Tools",1997,048-2855101,9.4847,79.3235,Kallakurichi Station 4,63909
"Fire Station Road, Mayiladuthurai Town",C,9445086439,Mayiladuthurai,so.mayiladuthuraistation4.tnfrs@tn.gov.in,"Standard Fire Tender, Hydraulic Tools",2022,041-2742101,8.8364,76.8467,Mayiladuthurai Station 4,61298
"Fire Station Road, Chengalpattu Town",C,9445086314,Chengalpattu,so.chengalpattustation4.tnfrs@tn.gov.in,"Standard Fire Tender, Hydraulic Tools",1947,041-2286101,8.2095,76.8954,Chengalpattu Station 4,60944
"Fire Station Road, Chennai Town",A,9445086618,Chennai,so.chennaistation5.tnfrs@tn.gov.in,"Standard Fire Tender, Hydraulic Tools",1981,046-2368101,11.6351,78.6577,Chennai Station 5,61913
"Fire Station Road, Coimbatore Town",A,9445086125,Coimbatore,so.coimbatorestation5.tnfrs@tn.gov.in,"Standard Fire Tender, Hydraulic Tools",1958,045-2823101,10.176,78.2753,Coimbatore Station 5,64504
"Fire Station Road, Madurai Town",A,9445086216,Madurai,so.maduraistation5.tnfrs@tn.gov.in,"Standard Fire Tender, Hydraulic Tools",1966,040-2362101,10.7339,79.4656,Madurai Station 5,60556
"Fire Station Road, Tiruchirappalli Town",A,9445086149,Tiruchirappalli,so.tiruchirappallistation5.tnfrs@tn.gov.in,"Standard Fire Tender, Hydraulic Tools",1992,047-2745101,13.1365,76.9382,Tiruchirappalli Station 5,63908
"Fire Station Road, Salem Town",A,9445086615,Salem,so.salemstation5.tnfrs@tn.gov.in,"Standard Fire Tender, Hydraulic Tools",2020,042-2547101,13.1299,78.3723,Salem Station 5,62661
"Fire Station Road, Tirunelveli Town",C,9445086428,Tirunelveli,so.tirunelvelistation5.tnfrs@tn.gov.in,"Standard Fire Tender, Hydraulic Tools",2000,041-2596101,12.0126,77.0204,Tirunelveli Station 5,63817
"Fire Station Road, Vellore Town",C,9445086270,Vellore,so.vellorestation5.tnfrs@tn.gov.in,"Standard Fire Tender, Hydraulic Tools",1986,044-2672101,12.2666,78.0646,Vellore Station 5,62334
"Fire Station Road, Erode Town",C,9445086845,Erode,so.erodestation5.tnfrs@tn.gov.in,"Standard Fire Tender, Hydraulic Tools",1994,042-2864101,9.4555,77.2448,Erode Station 5,60966
"Fire Station Road, Thoothukudi Town",C,9445086431,Thoothukudi,so.thoothukudistation5.tnfrs@tn.gov.in,"Standard Fire Tender, Hydraulic Tools",2020,049-2750101,9.5371,79.7466,Thoothukudi Station 5,63253
"Fire Station Road, Tiruppur Town",C,9445086292,Tiruppur,so.tiruppurstation5.tnfrs@tn.gov.in,"Standard Fire Tender, Hydraulic Tools",1967,049-2717101,13.4572,79.8134,Tiruppur Station 5,61133
"Fire Station Road, Kancheepuram Town",C,9445086448,Kancheepuram,so.kancheepuramstation5.tnfrs@tn.gov.in,"Standard Fire Tender, Hydraulic Tools",1942,042-2732101,11.6793,77.3362,Kancheepuram Station 5,60026
"Fire Station Road, Chengalpattu Town",C,9445086186,Chengalpattu,so.chengalpattustation5.tnfrs@tn.gov.in,"Standard Fire Tender, Hydraulic Tools",2014,042-2325101,13.0073,78.9925,Chengalpattu Station 5,60278
"Fire Station Road, Tiruvallur Town",C,9445086860,Tiruvallur,so.tiruvallurstation5.tnfrs@tn.gov.in,"Standard Fire Tender, Hydraulic Tools",2002,042-2511101,12.6079,76.9632,Tiruvallur Station 5,61463
"Fire Station Road, Cuddalore Town",C,9445086275,Cuddalore,so.cuddalorestation5.tnfrs@tn.gov.in,"Standard Fire Tender, Hydraulic Tools",1961,044-2380101,11.4402,76.2188,Cuddalore Station 5,61826
"Fire Station Road, Villupuram Town",C,9445086106,Villupuram,so.villupuramstation5.tnfrs@tn.gov.in,"Standard Fire Tender, Hydraulic Tools",2021,046-2286101,13.2476,77.5464,Villupuram Station 5,64174
"Fire Station Road, Thanjavur Town",C,9445086216,Thanjavur,so.thanjavurstation5.tnfrs@tn.gov.in,"Standard Fire Tender, Hydraulic Tools",2008,041-2724101,13.0435,77.7658,Thanjavur Station 5,62039
"Fire Station Road, Dindigul Town",C,9445086715,Dindigul,so.dindigulstation5.tnfrs@tn.gov.in,"Standard Fire Tender, Hydraulic Tools",2012,041-2267101,9.4035,78.9058,Dindigul Station 5,60720
"Fire Station Road, Sivaganga Town",C,9445086363,Sivaganga,so.sivagangastation5.tnfrs@tn.gov.in,"Standard Fire Tender, Hydraulic Tools",2003,041-2331101,13.414,77.4026,Sivaganga Station 5,61693
"Fire Station Road, Virudhunagar Town",C,9445086430,Virudhunagar,so.virudhunagarstation5.tnfrs@tn.gov.in,"Standard Fire Tender, Hydraulic Tools",1951,046-2697101,9.0778,77.7632,Virudhunagar Station 5,61000
"Fire Station Road, Ramanathapuram Town",C,9445086437,Ramanathapuram,so.ramanathapuramstation5.tnfrs@tn.gov.in,"Standard Fire Tender, Hydraulic Tools",1955,044-2836101,10.5504,76.537,Ramanathapuram Station 5,62698
"Fire Station Road, Theni Town",C,9445086841,Theni,so.thenistation5.tnfrs@tn.gov.in,"Standard Fire Tender, Hydraulic Tools",1951,047-2593101,10.6279,78.0501,Theni Station 5,60255
"Fire Station Road, Dharmapuri Town",C,9445086968,Dharmapuri,so.dharmapuristation5.tnfrs@tn.gov.in,"Standard Fire Tender, Hydraulic Tools",1984,045-2891101,9.2233,77.3111,Dharmapuri Station 5,61762
"Fire Station Road, Krishnagiri Town",C,9445086184,Krishnagiri,so.krishnagiristation5.tnfrs@tn.gov.in,"Standard Fire Tender, Hydraulic Tools",1947,046-2438101,10.4389,76.7003,Krishnagiri Station 5,62553
"Fire Station Road, Namakkal Town",C,9445086280,Namakkal,so.namakkalstation5.tnfrs@tn.gov.in,"Standard Fire Tender, Hydraulic Tools",1955,045-2299101,13.1468,78.9747,Namakkal Station 5,62065
"Fire Station Road, Pudukkottai Town",C,9445086997,Pudukkottai,so.pudukkottaistation5.tnfrs@tn.gov.in,"Standard Fire Tender, Hydraulic Tools",1994,048-2542101,11.2898,79.6762,Pudukkottai Station 5,60374
"Fire Station Road, Nagapattinam Town",C,9445086523,Nagapattinam,so.nagapattinamstation5.tnfrs@tn.gov.in,"Standard Fire Tender, Hydraulic Tools",1984,042-2422101,11.1841,76.5365,Nagapattinam Station 5,60818
"Fire Station Road, Tiruvarur Town",C,9445086477,Tiruvarur,so.tiruvarurstation5.tnfrs@tn.gov.in,"Standard Fire Tender, Hydraulic Tools",1975,042-2510101,12.2907,79.7883,Tiruvarur Station 5,62198
"Fire Station Road, Karur Town",C,9445086548,Karur,so.karurstation5.tnfrs@tn.gov.in,"Standard Fire Tender, Hydraulic Tools",2015,046-2851101,8.5709,77.1571,Karur Station 5,62192
"Fire Station Road, Perambalur Town",C,9445086490,Perambalur,so.perambalurstation5.tnfrs@tn.gov.in,"Standard Fire Tender, Hydraulic Tools",2006,049-2592101,10.7393,76.3218,Perambalur Station 5,63923
"Fire Station Road, Ariyalur Town",C,9445086418,Ariyalur,so.ariyalurstation5.tnfrs@tn.gov.in,"Standard Fire Tender, Hydraulic Tools",1944,040-2277101,10.8253,77.4872,Ariyalur Station 5,61666
"Fire Station Road, The Nilgiris Town",C,9445086581,The Nilgiris,so.thenilgirisstation5.tnfrs@tn.gov.in,"Standard Fire Tender, Hydraulic Tools",1974,041-2631101,13.1293,77.7741,The Nilgiris Station 5,64024
"Fire Station Road, Kanniyakumari Town",C,9445086822,Kanniyakumari,so.kanniyakumaristation5.tnfrs@tn.gov.in,"Standard Fire Tender, Hydraulic Tools",1976,047-2317101,13.0294,79.1245,Kanniyakumari Station 5,61088
"Fire Station Road, Tenkasi Town",C,9445086914,Tenkasi,so.tenkasistation5.tnfrs@tn.gov.in,"Standard Fire Tender, Hydraulic Tools",1963,040-2231101,9.5678,77.1435,Tenkasi Station 5,63482
"Fire Station Road, Tirupathur Town",C,9445086172,Tirupathur,so.tirupathurstation5.tnfrs@tn.gov.in,"Standard Fire Tender, Hydraulic Tools",1972,048-2234101,12.2266,78.4376,Tirupathur Station 5,64563
"Fire Station Road, Ranipet Town",C,9445086349,Ranipet,so.ranipetstation5.tnfrs@tn.gov.in,"Standard Fire Tender, Hydraulic Tools",2001,042-2241101,9.03,78.5168,Ranipet Station 5,60553
"Fire Station Road, Kallakurichi Town",C,9445086108,Kallakurichi,so.kallakurichistation5.tnfrs@tn.gov.in,"Standard Fire Tender, Hydraulic Tools",1977,049-2709101,8.9378,78.3222,Kallakurichi Station 5,63047
"Fire Station Road, Mayiladuthurai Town",C,9445086898,Mayiladuthurai,so.mayiladuthuraistation5.tnfrs@tn.gov.in,"Standard Fire Tender, Hydraulic Tools",1943,045-2563101,9.3886,79.5293,Mayiladuthurai Station 5,60038
"Fire Station Road, Chengalpattu Town",C,9445086232,Chengalpattu,so.chengalpattustation5.tnfrs@tn.gov.in,"Standard Fire Tender, Hydraulic Tools",2015,044-2321101,8.672,78.7152,Chengalpattu Station 5,64218
"Fire Station Road, Chennai Town",B,9445086881,Chennai,so.chennaistation6.tnfrs@tn.gov.in,"Standard Fire Tender, Hydraulic Tools",2009,043-2377101,10.0951,76.4733,Chennai Station 6,61724
"Fire Station Road, Coimbatore Town",B,9445086835,Coimbatore,so.coimbatorestation6.tnfrs@tn.gov.in,"Standard Fire Tender, Hydraulic Tools",1965,041-2559101,9.0319,77.2846,Coimbatore Station 6,63729
"Fire Station Road, Madurai Town",B,9445086642,Madurai,so.maduraistation6.tnfrs@tn.gov.in,"Standard Fire Tender, Hydraulic Tools",1998,048-2304101,12.0992,79.7021,Madurai Station 6,60921
"Fire Station Road, Tiruchirappalli Town",B,9445086244,Tiruchirappalli,so.tiruchirappallistation6.tnfrs@tn.gov.in,"Standard Fire Tender, Hydraulic Tools",1986,042-2866101,8.2013,77.4618,Tiruchirappalli Station 6,63253
"Fire Station Road, Salem Town",B,9445086216,Salem,so.salemstation6.tnfrs@tn.gov.in,"Standard Fire Tender, Hydraulic Tools",1978,048-2860101,10.4614,77.6801,Salem Station 6,62459
"Fire Station Road, Tirunelveli Town",C,9445086971,Tirunelveli,so.tirunelvelistation6.tnfrs@tn.gov.in,"Standard Fire Tender, Hydraulic Tools",1988,049-2630101,8.2722,78.134,Tirunelveli Station 6,62672
"Fire Station Road, Vellore Town",C,9445086623,Vellore,so.vellorestation6.tnfrs@tn.gov.in,"Standard Fire Tender, Hydraulic Tools",1954,047-2882101,8.401,77.5577,Vellore Station 6,64468
"Fire Station Road, Erode Town",C,9445086978,Erode,so.erodestation6.tnfrs@tn.gov.in,"Standard Fire Tender, Hydraulic Tools",1979,040-2364101,10.5147,79.8433,Erode Station 6,60442
"Fire Station Road, Thoothukudi Town",C,9445086549,Thoothukudi,so.thoothukudistation6.tnfrs@tn.gov.in,"Standard Fire Tender, Hydraulic Tools",1970,047-2584101,13.1367,79.1581,Thoothukudi Station 6,60926
"Fire Station Road, Tiruppur Town",C,9445086621,Tiruppur,so.tiruppurstation6.tnfrs@tn.gov.in,"Standard Fire Tender, Hydraulic Tools",1959,044-2238101,12.9968,77.1573,Tiruppur Station 6,60228
"Fire Station Road, Kancheepuram Town",C,9445086425,Kancheepuram,so.kancheepuramstation6.tnfrs@tn.gov.in,"Standard Fire Tender, Hydraulic Tools",2008,041-2358101,9.2396,76.4084,Kancheepuram Station 6,64043
"Fire Station Road, Chengalpattu Town",C,9445086756,Chengalpattu,so.chengalpattustation6.tnfrs@tn.gov.in,"Standard Fire Tender, Hydraulic Tools",2004,049-2344101,11.8586,79.5016,Chengalpattu Station 6,63140
"Fire Station Road, Tiruvallur Town",C,9445086928,Tiruvallur,so.tiruvallurstation6.tnfrs@tn.gov.in,"Standard Fire Tender, Hydraulic Tools",1986,040-2849101,12.9692,77.9117,Tiruvallur Station 6,64672
"Fire Station Road, Cuddalore Town",C,9445086105,Cuddalore,so.cuddalorestation6.tnfrs@tn.gov.in,"Standard Fire Tender, Hydraulic Tools",2007,042-2545101,8.5156,77.3254,Cuddalore Station 6,61649
"Fire Station Road, Villupuram Town",C,9445086286,Villupuram,so.villupuramstation6.tnfrs@tn.gov.in,"Standard Fire Tender, Hydraulic Tools",1976,043-2294101,9.8416,78.1696,Villupuram Station 6,60106
"Fire Station Road, Thanjavur Town",C,9445086226,Thanjavur,so.thanjavurstation6.tnfrs@tn.gov.in,"Standard Fire Tender, Hydraulic Tools",1993,044-2412101,12.4931,76.9543,Thanjavur Station 6,63487
"Fire Station Road, Dindigul Town",C,9445086460,Dindigul,so.dindigulstation6.tnfrs@tn.gov.in,"Standard Fire Tender, Hydraulic Tools",1993,049-2796101,8.9779,78.1791,Dindigul Station 6,63056
"Fire Station Road, Sivaganga Town",C,9445086510,Sivaganga,so.sivagangastation6.tnfrs@tn.gov.in,"Standard Fire Tender, Hydraulic Tools",1977,047-2610101,10.7875,78.2122,Sivaganga Station 6,64426
"Fire Station Road, Virudhunagar Town",C,9445086899,Virudhunagar,so.virudhunagarstation6.tnfrs@tn.gov.in,"Standard Fire Tender, Hydraulic Tools",1951,046-2805101,10.9757,77.4764,Virudhunagar Station 6,63033
"Fire Station Road, Ramanathapuram Town",C,9445086819,Ramanathapuram,so.ramanathapuramstation6.tnfrs@tn.gov.in,"Standard Fire Tender, Hydraulic Tools",1995,044-2635101,12.9261,79.6995,Ramanathapuram Station 6,61200
"Fire Station Road, Theni Town",C,9445086906,Theni,so.thenistation6.tnfrs@tn.gov.in,"Standard Fire Tender, Hydraulic Tools",1943,042-2431101,9.7218,78.5671,Theni Station 6,63463
"Fire Station Road, Dharmapuri Town",C,9445086717,Dharmapuri,so.dharmapuristation6.tnfrs@tn.gov.in,"Standard Fire Tender, Hydraulic Tools",1956,049-2894101,9.5387,76.8126,Dharmapuri Station 6,61701
"Fire Station Road, Krishnagiri Town",C,9445086741,Krishnagiri,so.krishnagiristation6.tnfrs@tn.gov.in,"Standard Fire Tender, Hydraulic Tools",2003,048-2599101,12.4725,78.9315,Krishnagiri Station 6,62946
"Fire Station Road, Namakkal Town",C,9445086219,Namakkal,so.namakkalstation6.tnfrs@tn.gov.in,"Standard Fire Tender, Hydraulic Tools",2014,046-2245101,8.7811,77.0766,Namakkal Station 6,60723
"Fire Station Road, Pudukkottai Town",C,9445086214,Pudukkottai,so.pudukkottaistation6.tnfrs@tn.gov.in,"Standard Fire Tender, Hydraulic Tools",1946,040-2426101,9.4743,79.657,Pudukkottai Station 6,64195
"Fire Station Road, Nagapattinam Town",C,9445086788,Nagapattinam,so.nagapattinamstation6.tnfrs@tn.gov.in,"Standard Fire Tender, Hydraulic Tools",1986,041-2668101,8.193,79.031,Nagapattinam Station 6,63954
"Fire Station Road, Tiruvarur Town",C,9445086962,Tiruvarur,so.tiruvarurstation6.tnfrs@tn.gov.in,"Standard Fire Tender, Hydraulic Tools",1964,040-2826101,11.172,76.8011,Tiruvarur Station 6,62740
"Fire Station Road, Karur Town",C,9445086274,Karur,so.karurstation6.tnfrs@tn.gov.in,"Standard Fire Tender, Hydraulic Tools",1964,040-2600101,12.92,79.1356,Karur Station 6,60096
"Fire Station Road, Perambalur Town",C,9445086582,Perambalur,so.perambalurstation6.tnfrs@tn.gov.in,"Standard Fire Tender, Hydraulic Tools",1952,048-2607101,10.3192,78.1707,Perambalur Station 6,60967
"Fire Station Road, Ariyalur Town",C,9445086546,Ariyalur,so.ariyalurstation6.tnfrs@tn.gov.in,"Standard Fire Tender, Hydraulic Tools",1966,045-2390101,9.9917,79.0023,Ariyalur Station 6,63187
"Fire Station Road, The Nilgiris Town",C,9445086131,The Nilgiris,so.thenilgirisstation6.tnfrs@tn.gov.in,"Standard Fire Tender, Hydraulic Tools",1957,042-2782101,13.4651,79.1614,The Nilgiris Station 6,60712
"Fire Station Road, Kanniyakumari Town",C,9445086691,Kanniyakumari,so.kanniyakumaristation6.tnfrs@tn.gov.in,"Standard Fire Tender, Hydraulic Tools",1961,040-2393101,8.2996,78.5332,Kanniyakumari Station 6,64452
"Fire Station Road, Tenkasi Town",C,9445086738,Tenkasi,so.tenkasistation6.tnfrs@tn.gov.in,"Standard Fire Tender, Hydraulic Tools",1984,045-2631101,8.0147,76.1858,Tenkasi Station 6,61179
"Fire Station Road, Tirupathur Town",C,9445086434,Tirupathur,so.tirupathurstation6.tnfrs@tn.gov.in,"Standard Fire Tender, Hydraulic Tools",1956,040-2476101,10.5978,79.2639,Tirupathur Station 6,62814
"Fire Station Road, Ranipet Town",C,9445086961,Ranipet,so.ranipetstation6.tnfrs@tn.gov.in,"Standard Fire Tender, Hydraulic Tools",1946,045-2444101,12.454,78.9909,Ranipet Station 6,63451
"Fire Station Road, Kallakurichi Town",C,9445086924,Kallakurichi,so.kallakurichistation6.tnfrs@tn.gov.in,"Standard Fire Tender, Hydraulic Tools",2007,041-2599101,8.5677,77.8325,Kallakurichi Station 6,62296
"Fire Station Road, Mayiladuthurai Town",C,9445086736,Mayiladuthurai,so.mayiladuthuraistation6.tnfrs@tn.gov.in,"Standard Fire Tender, Hydraulic Tools",2002,045-2519101,10.7035,76.7262,Mayiladuthurai Station 6,63145
"Fire Station Road, Chengalpattu Town",C,9445086954,Chengalpattu,so.chengalpattustation6.tnfrs@tn.gov.in,"Standard Fire Tender, Hydraulic Tools",1977,049-2787101,12.5877,79.0971,Chengalpattu Station 6,64471
"Fire Station Road, Chennai Town",B,9445086428,Chennai,so.chennaistation7.tnfrs@tn.gov.in,"Standard Fire Tender, Hydraulic Tools",1998,046-2663101,8.469,76.9524,Chennai Station 7,64003
"Fire Station Road, Coimbatore Town",B,9445086820,Coimbatore,so.coimbatorestation7.tnfrs@tn.gov.in,"Standard Fire Tender, Hydraulic Tools",1990,047-2668101,9.2767,77.1192,Coimbatore Station 7,64277
"Fire Station Road, Madurai Town",B,9445086390,Madurai,so.maduraistation7.tnfrs@tn.gov.in,"Standard Fire Tender, Hydraulic Tools",2007,049-2442101,11.6024,79.5938,Madurai Station 7,63937
"Fire Station Road, Tiruchirappalli Town",B,9445086227,Tiruchirappalli,so.tiruchirappallistation7.tnfrs@tn.gov.in,"Standard Fire Tender, Hydraulic Tools",1958,045-2611101,11.6554,76.319,Tiruchirappalli Station 7,61232
"Fire Station Road, Salem Town",B,9445086362,Salem,so.salemstation7.tnfrs@tn.gov.in,"Standard Fire Tender, Hydraulic Tools",1952,044-2820101,8.0358,79.547,Salem Station 7,62947
"Fire Station Road, Tirunelveli Town",C,9445086125,Tirunelveli,so.tirunelvelistation7.tnfrs@tn.gov.in,"Standard Fire Tender, Hydraulic Tools",1947,049-2286101,11.9644,77.9388,Tirunelveli Station 7,61673
"Fire Station Road, Vellore Town",C,9445086790,Vellore,so.vellorestation7.tnfrs@tn.gov.in,"Standard Fire Tender, Hydraulic Tools",1980,042-2422101,8.4966,76.8797,Vellore Station 7,63185
"Fire Station Road, Erode Town",C,9445086310,Erode,so.erodestation7.tnfrs@tn.gov.in,"Standard Fire Tender, Hydraulic Tools",1979,042-2312101,12.4844,79.174,Erode Station 7,63474
"Fire Station Road, Thoothukudi Town",C,9445086838,Thoothukudi,so.thoothukudistation7.tnfrs@tn.gov.in,"Standard Fire Tender, Hydraulic Tools",2010,046-2249101,11.1717,79.1655,Thoothukudi Station 7,64001
"Fire Station Road, Tiruppur Town",C,9445086219,Tiruppur,so.tiruppurstation7.tnfrs@tn.gov.in,"Standard Fire Tender, Hydraulic Tools",2018,045-2888101,11.1763,79.1085,Tiruppur Station 7,63200
"Fire Station Road, Kancheepuram Town",C,9445086464,Kancheepuram,so.kancheepuramstation7.tnfrs@tn.gov.in,"Standard Fire Tender, Hydraulic Tools",2001,048-2731101,10.0224,77.1726,Kancheepuram Station 7,62458
"Fire Station Road, Chengalpattu Town",C,9445086732,Chengalpattu,so.chengalpattustation7.tnfrs@tn.gov.in,"Standard Fire Tender, Hydraulic Tools",1990,041-2856101,8.5746,77.9023,Chengalpattu Station 7,62687
"Fire Station Road, Tiruvallur Town",C,9445086228,Tiruvallur,so.tiruvallurstation7.tnfrs@tn.gov.in,"Standard Fire Tender, Hydraulic Tools",2007,041-2211101,8.123,76.3381,Tiruvallur Station 7,62483
"Fire Station Road, Cuddalore Town",C,9445086592,Cuddalore,so.cuddalorestation7.tnfrs@tn.gov.in,"Standard Fire Tender, Hydraulic Tools",2022,040-2424101,12.5699,76.827,Cuddalore Station 7,60111
"Fire Station Road, Villupuram Town",C,9445086794,Villupuram,so.villupuramstation7.tnfrs@tn.gov.in,"Standard Fire Tender, Hydraulic Tools",1985,047-2462101,10.4269,76.8973,Villupuram Station 7,61507
"Fire Station Road, Thanjavur Town",C,9445086353,Thanjavur,so.thanjavurstation7.tnfrs@tn.gov.in,"Standard Fire Tender, Hydraulic Tools",1977,046-2425101,12.3626,79.6061,Thanjavur Station 7,62050
"Fire Station Road, Dindigul Town",C,9445086454,Dindigul,so.dindigulstation7.tnfrs@tn.gov.in,"Standard Fire Tender, Hydraulic Tools",1972,043-2265101,12.9466,79.5655,Dindigul Station 7,62833
"Fire Station Road, Sivaganga Town",C,9445086126,Sivaganga,so.sivagangastation7.tnfrs@tn.gov.in,"Standard Fire Tender, Hydraulic Tools",1940,043-2331101,8.0946,78.0312,Sivaganga Station 7,62035
"Fire Station Road, Virudhunagar Town",C,9445086928,Virudhunagar,so.virudhunagarstation7.tnfrs@tn.gov.in,"Standard Fire Tender, Hydraulic Tools",2015,043-2430101,13.102,77.4498,Virudhunagar Station 7,62763
"Fire Station Road, Ramanathapuram Town",C,9445086451,Ramanathapuram,so.ramanathapuramstation7.tnfrs@tn.gov.in,"Standard Fire Tender, Hydraulic Tools",1971,048-2340101,13.3421,78.8384,Ramanathapuram Station 7,62911
"Fire Station Road, Theni Town",C,9445086806,Theni,so.thenistation7.tnfrs@tn.gov.in,"Standard Fire Tender, Hydraulic Tools",1958,046-2880101,10.7463,76.5484,Theni Station 7,62431
"Fire Station Road, Dharmapuri Town",C,9445086513,Dharmapuri,so.dharmapuristation7.tnfrs@tn.gov.in,"Standard Fire Tender, Hydraulic Tools",1954,042-2431101,9.971,77.5163,Dharmapuri Station 7,62244
"Fire Station Road, Krishnagiri Town",C,9445086792,Krishnagiri,so.krishnagiristation7.tnfrs@tn.gov.in,"Standard Fire Tender, Hydraulic Tools",1943,043-2524101,9.1075,76.8821,Krishnagiri Station 7,64329
"Fire Station Road, Namakkal Town",C,9445086408,Namakkal,so.namakkalstation7.tnfrs@tn.gov.in,"Standard Fire Tender, Hydraulic Tools",1959,046-2703101,10.2929,76.3454,Namakkal Station 7,64387
"Fire Station Road, Pudukkottai Town",C,9445086174,Pudukkottai,so.pudukkottaistation7.tnfrs@tn.gov.in,"Standard Fire Tender, Hydraulic Tools",1947,042-2800101,10.1307,77.7537,Pudukkottai Station 7,62286
"Fire Station Road, Nagapattinam Town",C,9445086100,Nagapattinam,so.nagapattinamstation7.tnfrs@tn.gov.in,"Standard Fire Tender, Hydraulic Tools",1944,041-2295101,13.4272,79.8977,Nagapattinam Station 7,60415
"Fire Station Road, Tiruvarur Town",C,9445086529,Tiruvarur,so.tiruvarurstation7.tnfrs@tn.gov.in,"Standard Fire Tender, Hydraulic Tools",2020,046-2729101,8.3954,78.8634,Tiruvarur Station 7,63097
"Fire Station Road, Karur Town",C,9445086988,Karur,so.karurstation7.tnfrs@tn.gov.in,"Standard Fire Tender, Hydraulic Tools",2006,044-2891101,10.6303,76.2989,Karur Station 7,63168
"Fire Station Road, Perambalur Town",C,9445086621,Perambalur,so.perambalurstation7.tnfrs@tn.gov.in,"Standard Fire Tender, Hydraulic Tools",1966,042-2824101,8.1849,76.7762,Perambalur Station 7,63619
"Fire Station Road, Ariyalur Town",C,9445086936,Ariyalur,so.ariyalurstation7.tnfrs@tn.gov.in,"Standard Fire Tender, Hydraulic Tools",1984,045-2290101,13.2739,77.8215,Ariyalur Station 7,64671
"Fire Station Road, The Nilgiris Town",C,9445086711,The Nilgiris,so.thenilgirisstation7.tnfrs@tn.gov.in,"Standard Fire Tender, Hydraulic Tools",1969,047-2639101,9.0032,79.9754,The Nilgiris Station 7,63793
"Fire Station Road, Kanniyakumari Town",C,9445086914,Kanniyakumari,so.kanniyakumaristation7.tnfrs@tn.gov.in,"Standard Fire Tender, Hydraulic Tools",2000,044-2878101,10.6664,79.8653,Kanniyakumari Station 7,62170
"Fire Station Road, Tenkasi Town",C,9445086732,Tenkasi,so.tenkasistation7.tnfrs@tn.gov.in,"Standard Fire Tender, Hydraulic Tools",1987,044-2680101,10.084,77.8634,Tenkasi Station 7,64157
"Fire Station Road, Tirupathur Town",C,9445086518,Tirupathur,so.tirupathurstation7.tnfrs@tn.gov.in,"Standard Fire Tender, Hydraulic Tools",1992,042-2699101,12.033,77.372,Tirupathur Station 7,64382
"Fire Station Road, Ranipet Town",C,9445086497,Ranipet,so.ranipetstation7.tnfrs@tn.gov.in,"Standard Fire Tender, Hydraulic Tools",1954,046-2582101,13.3441,79.6965,Ranipet Station 7,60921
"Fire Station Road, Kallakurichi Town",C,9445086211,Kallakurichi,so.kallakurichistation7.tnfrs@tn.gov.in,"Standard Fire Tender, Hydraulic Tools",1949,045-2229101,10.0329,78.8039,Kallakurichi Station 7,62823
"Fire Station Road, Mayiladuthurai Town",C,9445086308,Mayiladuthurai,so.mayiladuthuraistation7.tnfrs@tn.gov.in,"Standard Fire Tender, Hydraulic Tools",1964,043-2584101,11.3411,78.2754,Mayiladuthurai Station 7,64086
"Fire Station Road, Chengalpattu Town",C,9445086654,Chengalpattu,so.chengalpattustation7.tnfrs@tn.gov.in,"Standard Fire Tender, Hydraulic Tools",1961,045-2278101,11.5872,79.8909,Chengalpattu Station 7,64726
"Fire Station Road, Chennai Town",B,9445086468,Chennai,so.chennaistation8.tnfrs@tn.gov.in,"Standard Fire Tender, Hydraulic Tools",1953,040-2435101,12.7145,77.74,Chennai Station 8,60641
"Fire Station Road, Coimbatore Town",B,9445086944,Coimbatore,so.coimbatorestation8.tnfrs@tn.gov.in,"Standard Fire Tender, Hydraulic Tools",2019,041-2212101,9.7972,78.3508,Coimbatore Station 8,64621
"Fire Station Road, Madurai Town",B,9445086238,Madurai,so.maduraistation8.tnfrs@tn.gov.in,"Standard Fire Tender, Hydraulic Tools",1948,041-2867101,8.0926,77.7776,Madurai Station 8,60153
"Fire Station Road, Tiruchirappalli Town",B,9445086149,Tiruchirappalli,so.tiruchirappallistation8.tnfrs@tn.gov.in,"Standard Fire Tender, Hydraulic Tools",2009,045-2808101,11.8857,79.6224,Tiruchirappalli Station 8,64631
"Fire Station Road, Salem Town",B,9445086496,Salem,so.salemstation8.tnfrs@tn.gov.in,"Standard Fire Tender, Hydraulic Tools",2010,042-2404101,10.3744,79.0497,Salem Station 8,64458
"Fire Station Road, Tirunelveli Town",C,9445086208,Tirunelveli,so.tirunelvelistation8.tnfrs@tn.gov.in,"Standard Fire Tender, Hydraulic Tools",1954,047-2510101,12.2825,78.546,Tirunelveli Station 8,60030
"Fire Station Road, Vellore Town",C,9445086777,Vellore,so.vellorestation8.tnfrs@tn.gov.in,"Standard Fire Tender, Hydraulic Tools",1957,049-2700101,8.1776,77.2962,Vellore Station 8,62436
"Fire Station Road, Erode Town",C,9445086406,Erode,so.erodestation8.tnfrs@tn.gov.in,"Standard Fire Tender, Hydraulic Tools",1999,041-2342101,9.867,77.1428,Erode Station 8,62539
"Fire Station Road, Thoothukudi Town",C,9445086833,Thoothukudi,so.thoothukudistation8.tnfrs@tn.gov.in,"Standard Fire Tender, Hydraulic Tools",2018,041-2754101,8.7626,79.1122,Thoothukudi Station 8,63347
"Fire Station Road, Tiruppur Town",C,9445086317,Tiruppur,so.tiruppurstation8.tnfrs@tn.gov.in,"Standard Fire Tender, Hydraulic Tools",1954,047-2445101,9.302,77.2995,Tiruppur Station 8,60829
"Fire Station Road, Kancheepuram Town",C,9445086552,Kancheepuram,so.kancheepuramstation8.tnfrs@tn.gov.in,"Standard Fire Tender, Hydraulic Tools",1943,040-2467101,10.9903,78.1999,Kancheepuram Station 8,62569
"Fire Station Road, Chengalpattu Town",C,9445086105,Chengalpattu,so.chengalpattustation8.tnfrs@tn.gov.in,"Standard Fire Tender, Hydraulic Tools",1960,040-2713101,11.823,79.5025,Chengalpattu Station 8,61892
"Fire Station Road, Tiruvallur Town",C,9445086667,Tiruvallur,so.tiruvallurstation8.tnfrs@tn.gov.in,"Standard Fire Tender, Hydraulic Tools",1985,040-2317101,11.9009,78.0932,Tiruvallur Station 8,62661
"Fire Station Road, Cuddalore Town",C,9445086639,Cuddalore,so.cuddalorestation8.tnfrs@tn.gov.in,"Standard Fire Tender, Hydraulic Tools",2002,041-2419101,8.2841,77.7416,Cuddalore Station 8,61800
"Fire Station Road, Villupuram Town",C,9445086184,Villupuram,so.villupuramstation8.tnfrs@tn.gov.in,"Standard Fire Tender, Hydraulic Tools",1963,040-2596101,8.6377,79.6949,Villupuram Station 8,61178
"Fire Station Road, Thanjavur Town",C,9445086145,Thanjavur,so.thanjavurstation8.tnfrs@tn.gov.in,"Standard Fire Tender, Hydraulic Tools",1960,043-2529101,12.0058,77.3098,Thanjavur Station 8,64481
"Fire Station Road, Dindigul Town",C,9445086788,Dindigul,so.dindigulstation8.tnfrs@tn.gov.in,"Standard Fire Tender, Hydraulic Tools",2000,049-2462101,8.3038,76.1037,Dindigul Station 8,61635
"Fire Station Road, Sivaganga Town",C,9445086167,Sivaganga,so.sivagangastation8.tnfrs@tn.gov.in,"Standard Fire Tender, Hydraulic Tools",1987,046-2456101,11.3714,78.1085,Sivaganga Station 8,64469
"Fire Station Road, Virudhunagar Town",C,9445086462,Virudhunagar,so.virudhunagarstation8.tnfrs@tn.gov.in,"Standard Fire Tender, Hydraulic Tools",2003,040-2406101,12.2495,79.6811,Virudhunagar Station 8,60341
"Fire Station Road, Ramanathapuram Town",C,9445086264,Ramanathapuram,so.ramanathapuramstation8.tnfrs@tn.gov.in,"Standard Fire Tender, Hydraulic Tools",1998,046-2245101,8.4492,79.2358,Ramanathapuram Station 8,60407
"Fire Station Road, Theni Town",C,9445086543,Theni,so.thenistation8.tnfrs@tn.gov.in,"Standard Fire Tender, Hydraulic Tools",2017,047-2671101,10.4935,79.7379,Theni Station 8,62195
"Fire Station Road, Dharmapuri Town",C,9445086472,Dharmapuri,so.dharmapuristation8.tnfrs@tn.gov.in,"Standard Fire Tender, Hydraulic Tools",1998,047-2885101,9.1664,79.3804,Dharmapuri Station 8,64208
"Fire Station Road, Krishnagiri Town",C,9445086697,Krishnagiri,so.krishnagiristation8.tnfrs@tn.gov.in,"Standard Fire Tender, Hydraulic Tools",1976,044-2609101,12.9914,77.0144,Krishnagiri Station 8,64969
"Fire Station Road, Namakkal Town",C,9445086556,Namakkal,so.namakkalstation8.tnfrs@tn.gov.in,"Standard Fire Tender, Hydraulic Tools",2011,049-2421101,10.0493,76.1209,Namakkal Station 8,63870
"Fire Station Road, Pudukkottai Town",C,9445086907,Pudukkottai,so.pudukkottaistation8.tnfrs@tn.gov.in,"Standard Fire Tender, Hydraulic Tools",2012,049-2607101,9.0166,77.9569,Pudukkottai Station 8,62970
"Fire Station Road, Nagapattinam Town",C,9445086165,Nagapattinam,so.nagapattinamstation8.tnfrs@tn.gov.in,"Standard Fire Tender, Hydraulic Tools",1950,043-2707101,10.9986,78.2632,Nagapattinam Station 8,64016
"Fire Station Road, Tiruvarur Town",C,9445086212,Tiruvarur,so.tiruvarurstation8.tnfrs@tn.gov.in,"Standard Fire Tender, Hydraulic Tools",1954,040-2457101,11.3916,76.5718,Tiruvarur Station 8,64930
"Fire Station Road, Karur Town",C,9445086783,Karur,so.karurstation8.tnfrs@tn.gov.in,"Standard Fire Tender, Hydraulic Tools",1945,044-2897101,12.9301,78.4069,Karur Station 8,63722
"Fire Station Road, Perambalur Town",C,9445086616,Perambalur,so.perambalurstation8.tnfrs@tn.gov.in,"Standard Fire Tender, Hydraulic Tools",1984,042-2394101,12.6582,79.3548,Perambalur Station 8,60516
"Fire Station Road, Ariyalur Town",C,9445086414,Ariyalur,so.ariyalurstation8.tnfrs@tn.gov.in,"Standard Fire Tender, Hydraulic Tools",1989,042-2594101,8.5001,78.4821,Ariyalur Station 8,63118
"Fire Station Road, The Nilgiris Town",C,9445086902,The Nilgiris,so.thenilgirisstation8.tnfrs@tn.gov.in,"Standard Fire Tender, Hydraulic Tools",1971,049-2612101,11.1464,79.0306,The Nilgiris Station 8,63206
"Fire Station Road, Kanniyakumari Town",C,9445086576,Kanniyakumari,so.kanniyakumaristation8.tnfrs@tn.gov.in,"Standard Fire Tender, Hydraulic Tools",1984,040-2346101,8.9501,76.8749,Kanniyakumari Station 8,60225
"Fire Station Road, Tenkasi Town",C,9445086368,Tenkasi,so.tenkasistation8.tnfrs@tn.gov.in,"Standard Fire Tender, Hydraulic Tools",1998,041-2549101,10.1217,79.8098,Tenkasi Station 8,61817
"Fire Station Road, Tirupathur Town",C,9445086170,Tirupathur,so.tirupathurstation8.tnfrs@tn.gov.in,"Standard Fire Tender, Hydraulic Tools",1968,046-2743101,10.6857,78.8653,Tirupathur Station 8,62385
"Fire Station Road, Ranipet Town",C,9445086351,Ranipet,so.ranipetstation8.tnfrs@tn.gov.in,"Standard Fire Tender, Hydraulic Tools",1971,047-2413101,10.2869,78.9251,Ranipet Station 8,60168
"Fire Station Road, Kallakurichi Town",C,9445086199,Kallakurichi,so.kallakurichistation8.tnfrs@tn.gov.in,"Standard Fire Tender, Hydraulic Tools",1961,048-2341101,8.1022,76.4121,Kallakurichi Station 8,60015
"Fire Station Road, Mayiladuthurai Town",C,9445086580,Mayiladuthurai,so.mayiladuthuraistation8.tnfrs@tn.gov.in,"Standard Fire Tender, Hydraulic Tools",1958,047-2630101,10.3414,78.898,Mayiladuthurai Station 8,62750
"Fire Station Road, Chengalpattu Town",C,9445086709,Chengalpattu,so.chengalpattustation8.tnfrs@tn.gov.in,"Standard Fire Tender, Hydraulic Tools",1943,048-2692101,13.4903,76.505,Chengalpattu Station 8,61338
"Fire Station Road, Chennai Town",B,9445086768,Chennai,so.chennaistation9.tnfrs@tn.gov.in,"Standard Fire Tender, Hydraulic Tools",1958,046-2631101,11.2544,78.7178,Chennai Station 9,63466
"Fire Station Road, Coimbatore Town",B,9445086419,Coimbatore,so.coimbatorestation9.tnfrs@tn.gov.in,"Standard Fire Tender, Hydraulic Tools",1963,048-2763101,10.0227,76.9501,Coimbatore Station 9,63884
"Fire Station Road, Madurai Town",B,9445086134,Madurai,so.maduraistation9.tnfrs@tn.gov.in,"Standard Fire Tender, Hydraulic Tools",1990,040-2834101,12.6096,79.1881,Madurai Station 9,61864
"Fire Station Road, Tiruchirappalli Town",B,9445086772,Tiruchirappalli,so.tiruchirappallistation9.tnfrs@tn.gov.in,"Standard Fire Tender, Hydraulic Tools",1941,046-2843101,8.5041,76.996,Tiruchirappalli Station 9,63312
"Fire Station Road, Salem Town",B,9445086565,Salem,so.salemstation9.tnfrs@tn.gov.in,"Standard Fire Tender, Hydraulic Tools",1977,040-2847101,10.1896,79.6829,Salem Station 9,62473
"Fire Station Road, Tirunelveli Town",C,9445086596,Tirunelveli,so.tirunelvelistation9.tnfrs@tn.gov.in,"Standard Fire Tender, Hydraulic Tools",2011,049-2310101,8.3726,79.1704,Tirunelveli Station 9,60875
"Fire Station Road, Vellore Town",C,9445086975,Vellore,so.vellorestation9.tnfrs@tn.gov.in,"Standard Fire Tender, Hydraulic Tools",1964,045-2649101,10.8559,76.5948,Vellore Station 9,64733
"Fire Station Road, Erode Town",C,9445086957,Erode,so.erodestation9.tnfrs@tn.gov.in,"Standard Fire Tender, Hydraulic Tools",1991,043-2326101,12.8635,77.208,Erode Station 9,62217
"Fire Station Road, Thoothukudi Town",C,9445086286,Thoothukudi,so.thoothukudistation9.tnfrs@tn.gov.in,"Standard Fire Tender, Hydraulic Tools",1941,040-2291101,10.7088,76.5017,Thoothukudi Station 9,64320
"Fire Station Road, Tiruppur Town",C,9445086318,Tiruppur,so.tiruppurstation9.tnfrs@tn.gov.in,"Standard Fire Tender, Hydraulic Tools",2019,046-2389101,10.1445,77.3844,Tiruppur Station 9,62607
"Fire Station Road, Kancheepuram Town",C,9445086832,Kancheepuram,so.kancheepuramstation9.tnfrs@tn.gov.in,"Standard Fire Tender, Hydraulic Tools",1995,042-2728101,12.2657,76.6593,Kancheepuram Station 9,62425
"Fire Station Road, Chengalpattu Town",C,9445086101,Chengalpattu,so.chengalpattustation9.tnfrs@tn.gov.in,"Standard Fire Tender, Hydraulic Tools",1995,044-2792101,12.2072,76.356,Chengalpattu Station 9,63435
"Fire Station Road, Tiruvallur Town",C,9445086372,Tiruvallur,so.tiruvallurstation9.tnfrs@tn.gov.in,"Standard Fire Tender, Hydraulic Tools",1984,049-2826101,11.7147,77.913,Tiruvallur Station 9,60407
"Fire Station Road, Cuddalore Town",C,9445086379,Cuddalore,so.cuddalorestation9.tnfrs@tn.gov.in,"Standard Fire Tender, Hydraulic Tools",1947,046-2308101,9.1259,78.4328,Cuddalore Station 9,61764
"Fire Station Road, Villupuram Town",C,9445086753,Villupuram,so.villupuramstation9.tnfrs@tn.gov.in,"Standard Fire Tender, Hydraulic Tools",1966,042-2218101,8.0595,79.7022,Villupuram Station 9,62055
"Fire Station Road, Thanjavur Town",C,9445086720,Thanjavur,so.thanjavurstation9.tnfrs@tn.gov.in,"Standard Fire Tender, Hydraulic Tools",2011,042-2797101,10.655,78.6467,Thanjavur Station 9,61203
"Fire Station Road, Dindigul Town",C,9445086694,Dindigul,so.dindigulstation9.tnfrs@tn.gov.in,"Standard Fire Tender, Hydraulic Tools",2018,049-2486101,11.7778,78.7576,Dindigul Station 9,63372
"Fire Station Road, Sivaganga Town",C,9445086740,Sivaganga,so.sivagangastation9.tnfrs@tn.gov.in,"Standard Fire Tender, Hydraulic Tools",1989,043-2570101,9.2178,76.8354,Sivaganga Station 9,61877
"Fire Station Road, Virudhunagar Town",C,9445086756,Virudhunagar,so.virudhunagarstation9.tnfrs@tn.gov.in,"Standard Fire Tender, Hydraulic Tools",1981,048-2724101,10.7408,76.6034,Virudhunagar Station 9,61450
"Fire Station Road, Ramanathapuram Town",C,9445086605,Ramanathapuram,so.ramanathapuramstation9.tnfrs@tn.gov.in,"Standard Fire Tender, Hydraulic Tools",2005,046-2470101,11.5854,79.9045,Ramanathapuram Station 9,60245
"Fire Station Road, Theni Town",C,9445086531,Theni,so.thenistation9.tnfrs@tn.gov.in,"Standard Fire Tender, Hydraulic Tools",2011,046-2369101,10.6681,76.2494,Theni Station 9,64385
"Fire Station Road, Dharmapuri Town",C,9445086521,Dharmapuri,so.dharmapuristation9.tnfrs@tn.gov.in,"Standard Fire Tender, Hydraulic Tools",1991,042-2229101,8.8857,79.2006,Dharmapuri Station 9,64869
"Fire Station Road, Krishnagiri Town",C,9445086470,Krishnagiri,so.krishnagiristation9.tnfrs@tn.gov.in,"Standard Fire Tender, Hydraulic Tools",1981,049-2524101,10.7098,79.8084,Krishnagiri Station 9,64187
"Fire Station Road, Namakkal Town",C,9445086821,Namakkal,so.namakkalstation9.tnfrs@tn.gov.in,"Standard Fire Tender, Hydraulic Tools",1977,047-2704101,8.3485,78.1021,Namakkal Station 9,63890
"Fire Station Road, Pudukkottai Town",C,9445086786,Pudukkottai,so.pudukkottaistation9.tnfrs@tn.gov.in,"Standard Fire Tender, Hydraulic Tools",2015,042-2742101,9.5353,76.7352,Pudukkottai Station 9,61250
"Fire Station Road, Nagapattinam Town",C,9445086784,Nagapattinam,so.nagapattinamstation9.tnfrs@tn.gov.in,"Standard Fire Tender, Hydraulic Tools",1999,040-2742101,8.7561,76.3327,Nagapattinam Station 9,60938
"Fire Station Road, Tiruvarur Town",C,9445086690,Tiruvarur,so.tiruvarurstation9.tnfrs@tn.gov.in,"Standard Fire Tender, Hydraulic Tools",1969,045-2424101,12.1409,78.6399,Tiruvarur Station 9,64835
"Fire Station Road, Karur Town",C,9445086391,Karur,so.karurstation9.tnfrs@tn.gov.in,"Standard Fire Tender, Hydraulic Tools",2019,048-2660101,12.1365,79.9503,Karur Station 9,60185
"Fire Station Road, Perambalur Town",C,9445086419,Perambalur,so.perambalurstation9.tnfrs@tn.gov.in,"Standard Fire Tender, Hydraulic Tools",2021,047-2578101,11.6392,79.2897,Perambalur Station 9,60435
"Fire Station Road, Ariyalur Town",C,9445086353,Ariyalur,so.ariyalurstation9.tnfrs@tn.gov.in,"Standard Fire Tender, Hydraulic Tools",1975,040-2521101,8.0434,78.8518,Ariyalur Station 9,60085
"Fire Station Road, The Nilgiris Town",C,9445086713,The Nilgiris,so.thenilgirisstation9.tnfrs@tn.gov.in,"Standard Fire Tender, Hydraulic Tools",1976,044-2444101,12.6271,77.5038,The Nilgiris Station 9,64808
"Fire Station Road, Kanniyakumari Town",C,9445086711,Kanniyakumari,so.kanniyakumaristation9.tnfrs@tn.gov.in,"Standard Fire Tender, Hydraulic Tools",1958,043-2382101,12.8305,79.9156,Kanniyakumari Station 9,61901
"Fire Station Road, Tenkasi Town",C,9445086492,Tenkasi,so.tenkasistation9.tnfrs@tn.gov.in,"Standard Fire Tender, Hydraulic Tools",1942,040-2555101,11.2726,79.2539,Tenkasi Station 9,60644
"Fire Station Road, Tirupathur Town",C,9445086907,Tirupathur,so.tirupathurstation9.tnfrs@tn.gov.in,"Standard Fire Tender, Hydraulic Tools",1952,043-2254101,13.0548,79.6443,Tirupathur Station 9,61283
"Fire Station Road, Ranipet Town",C,9445086814,Ranipet,so.ranipetstation9.tnfrs@tn.gov.in,"Standard Fire Tender, Hydraulic Tools",1984,045-2754101,8.5437,77.4906,Ranipet Station 9,64693
"Fire Station Road, Kallakurichi Town",C,9445086334,Kallakurichi,so.kallakurichistation9.tnfrs@tn.gov.in,"Standard Fire Tender, Hydraulic Tools",1955,049-2668101,8.1282,79.0709,Kallakurichi Station 9,64824
"Fire Station Road, Mayiladuthurai Town",C,9445086506,Mayiladuthurai,so.mayiladuthuraistation9.tnfrs@tn.gov.in,"Standard Fire Tender, Hydraulic Tools",2016,041-2630101,12.0821,78.1668,Mayiladuthurai Station 9,60085
"Fire Station Road, Chengalpattu Town",C,9445086511,Chengalpattu,so.chengalpattustation9.tnfrs@tn.gov.in,"Standard Fire Tender, Hydraulic Tools",1962,040-2856101,10.185,78.9516,Chengalpattu Station 9,60632
"Fire Station Road, Chennai Town",B,9445086288,Chennai,so.chennaistation10.tnfrs@tn.gov.in,"Standard Fire Tender, Hydraulic Tools",1975,047-2769101,12.9442,76.0413,Chennai Station 10,64018
"Fire Station Road, Coimbatore Town",B,9445086341,Coimbatore,so.coimbatorestation10.tnfrs@tn.gov.in,"Standard Fire Tender, Hydraulic Tools",2014,042-2899101,11.6062,79.2608,Coimbatore Station 10,60185
"Fire Station Road, Madurai Town",B,9445086852,Madurai,so.maduraistation10.tnfrs@tn.gov.in,"Standard Fire Tender, Hydraulic Tools",1963,041-2601101,10.2295,79.9232,Madurai Station 10,60471
"Fire Station Road, Tiruchirappalli Town",B,9445086563,Tiruchirappalli,so.tiruchirappallistation10.tnfrs@tn.gov.in,"Standard Fire Tender, Hydraulic Tools",1962,043-2567101,8.9748,76.8602,Tiruchirappalli Station 10,61301
"Fire Station Road, Salem Town",B,9445086725,Salem,so.salemstation10.tnfrs@tn.gov.in,"Standard Fire Tender, Hydraulic Tools",2002,041-2692101,9.4424,76.4569,Salem Station 10,62702
"Fire Station Road, Tirunelveli Town",C,9445086915,Tirunelveli,so.tirunelvelistation10.tnfrs@tn.gov.in,"Standard Fire Tender, Hydraulic Tools",1995,044-2451101,12.835,77.3833,Tirunelveli Station 10,63010
"Fire Station Road, Vellore Town",C,9445086784,Vellore,so.vellorestation10.tnfrs@tn.gov.in,"Standard Fire Tender, Hydraulic Tools",1949,045-2623101,11.3549,78.103,Vellore Station 10,61718
"Fire Station Road, Erode Town",C,9445086803,Erode,so.erodestation10.tnfrs@tn.gov.in,"Standard Fire Tender, Hydraulic Tools",1964,046-2823101,11.8382,76.5339,Erode Station 10,61913
"Fire Station Road, Thoothukudi Town",C,9445086673,Thoothukudi,so.thoothukudistation10.tnfrs@tn.gov.in,"Standard Fire Tender, Hydraulic Tools",1967,040-2495101,11.8419,79.9091,Thoothukudi Station 10,60494
"Fire Station Road, Tiruppur Town",C,9445086706,Tiruppur,so.tiruppurstation10.tnfrs@tn.gov.in,"Standard Fire Tender, Hydraulic Tools",1948,043-2458101,12.7262,77.7657,Tiruppur Station 10,61666
"Fire Station Road, Kancheepuram Town",C,9445086831,Kancheepuram,so.kancheepuramstation10.tnfrs@tn.gov.in,"Standard Fire Tender, Hydraulic Tools",1945,046-2649101,10.0069,76.7205,Kancheepuram Station 10,61836
"Fire Station Road, Chengalpattu Town",C,9445086975,Chengalpattu,so.chengalpattustation10.tnfrs@tn.gov.in,"Standard Fire Tender, Hydraulic Tools",1966,042-2778101,11.6131,78.6138,Chengalpattu Station 10,64976
"Fire Station Road, Tiruvallur Town",C,9445086384,Tiruvallur,so.tiruvallurstation10.tnfrs@tn.gov.in,"Standard Fire Tender, Hydraulic Tools",1976,044-2458101,11.4332,79.1311,Tiruvallur Station 10,64236
"Fire Station Road, Cuddalore Town",C,9445086649,Cuddalore,so.cuddalorestation10.tnfrs@tn.gov.in,"Standard Fire Tender, Hydraulic Tools",1942,047-2854101,9.6879,78.2735,Cuddalore Station 10,63061
"Fire Station Road, Villupuram Town",C,9445086368,Villupuram,so.villupuramstation10.tnfrs@tn.gov.in,"Standard Fire Tender, Hydraulic Tools",2002,047-2456101,11.0433,79.8388,Villupuram Station 10,61834
"Fire Station Road, Thanjavur Town",C,9445086996,Thanjavur,so.thanjavurstation10.tnfrs@tn.gov.in,"Standard Fire Tender, Hydraulic Tools",2004,047-2271101,8.6792,79.5202,Thanjavur Station 10,61745
"Fire Station Road, Dindigul Town",C,9445086335,Dindigul,so.dindigulstation10.tnfrs@tn.gov.in,"Standard Fire Tender, Hydraulic Tools",2001,049-2246101,10.5735,78.4497,Dindigul Station 10,62098
"Fire Station Road, Sivaganga Town",C,9445086183,Sivaganga,so.sivagangastation10.tnfrs@tn.gov.in,"Standard Fire Tender, Hydraulic Tools",1975,049-2681101,8.7395,77.2213,Sivaganga Station 10,64068
"Fire Station Road, Virudhunagar Town",C,9445086996,Virudhunagar,so.virudhunagarstation10.tnfrs@tn.gov.in,"Standard Fire Tender, Hydraulic Tools",1940,041-2739101,8.1196,79.8356,Virudhunagar Station 10,64961
"Fire Station Road, Ramanathapuram Town",C,9445086873,Ramanathapuram,so.ramanathapuramstation10.tnfrs@tn.gov.in,"Standard Fire Tender, Hydraulic Tools",1978,040-2490101,10.0865,79.2344,Ramanathapuram Station 10,63285
"Fire Station Road, Theni Town",C,9445086399,Theni,so.thenistation10.tnfrs@tn.gov.in,"Standard Fire Tender, Hydraulic Tools",2017,048-2474101,11.4603,79.4019,Theni Station 10,63060
"Fire Station Road, Dharmapuri Town",C,9445086243,Dharmapuri,so.dharmapuristation10.tnfrs@tn.gov.in,"Standard Fire Tender, Hydraulic Tools",2015,040-2715101,11.0251,79.3304,Dharmapuri Station 10,62235
"Fire Station Road, Krishnagiri Town",C,9445086840,Krishnagiri,so.krishnagiristation10.tnfrs@tn.gov.in,"Standard Fire Tender, Hydraulic Tools",1978,040-2314101,11.9924,77.3527,Krishnagiri Station 10,64286
